Conversation ID,Timestamp,sender_email,subject,City,Region,Country,Contact Name,Full Address,Location Source,Inferred Fields,Review Notes,Source Reference
AAQkADQ1MDBkZGY0LTJmYTYtNDc2Yy1hMWU5LWVmOTdiYTI5MDhlYQAQAAO95sWCccdEm8zPp2_Rd5o=,2026-08-12 10:05:00,groupsales@turtledownunder.com.au,RE: Re: Re: Australia - 4N5D - 20 Pax - Turtle Downunder,Bengaluru,Karnataka,India,Rupika S,"613, 2nd Main, 1st Stage, Indiranagar, Bengaluru, Karnataka 560038",Signature image (visually read),Country,,signature_images/rupika.s_traaexplore.com0.png
AAQkADQ1MDBkZGY0LTJmYTYtNDc2Yy1hMWU5LWVmOTdiYTI5MDhlYQAQANixRwAbvX9Lj3GBGbwcQS0=,2026-08-12 10:02:32,groupsales@turtledownunder.com.au,Re: Re: Re: Re: Re: Re: Re: Re: Re: Re: Re: Re: Re: Re: Re: Re: Re: Re: Re: Nabin x 28 pax Australia,Kathmandu,Bagmati Province,Nepal,Rinu Bajracharya,"Gairidhara , Kathmandu , Nepal",Text signature,Region,,AAQkADQ1MDBkZGY0LTJmYTYtNDc2Yy1hMWU5LWVmOTdiYTI5MDhlYQAQANixRwAbvX9Lj3GBGbwcQS0=
AAQkADQ1MDBkZGY0LTJmYTYtNDc2Yy1hMWU5LWVmOTdiYTI5MDhlYQAQAH2ZUIbJJmlGmidU1jML3KQ=,2026-08-12 09:23:36,groupsales@turtledownunder.com.au,Re: RE: RE: RE: Re: Re: FW: RE: RE: RE: RE: RE: Follow-up from Turtle Down Under - TDU27209G,Chennai,Tamil Nadu,India,Diya Deenan,"No 10, Manohar Avenue, Casa Major Road, Egmore, Chennai -600008, India",Text signature,Region,,AAQkADQ1MDBkZGY0LTJmYTYtNDc2Yy1hMWU5LWVmOTdiYTI5MDhlYQAQAH2ZUIbJJmlGmidU1jML3KQ=
AAQkADQ1MDBkZGY0LTJmYTYtNDc2Yy1hMWU5LWVmOTdiYTI5MDhlYQAQALDN3lX1xIVHs2iiiGwz98Y=,2026-08-12 09:16:05,groupsales@turtledownunder.com.au,Auto Reply from Turtledownunder - Re: Re: Re: Re: Re: Re: Re: Re: Re: Re: Re: Re: Re: Re: Re: Group for august TDU27143G,,,,Md. Shaiful Karim,,Not found,,No reliable address found in reviewed sources. Some CID image attachments are unavailable in the JSON; unresolved locations are not guessed.,
AAQkADQ1MDBkZGY0LTJmYTYtNDc2Yy1hMWU5LWVmOTdiYTI5MDhlYQAQAEffI0aMKuBKjDFO88Pn4Nk=,2026-08-12 09:15:47,safaritoursntravels@gmail.com,Re: Re: Re: Re: Re: Re: Re: Re: Re: Re: Re: Re: Re: Re: Re: Group for august TDU27143G,,,,Md. Shaiful Karim,,Not found,,No reliable address found in reviewed sources. Some CID image attachments are unavailable in the JSON; unresolved locations are not guessed.,
AAQkADQ1MDBkZGY0LTJmYTYtNDc2Yy1hMWU5LWVmOTdiYTI5MDhlYQAQAB48PQZ0xUZMjcxdFwazPrE=,2026-08-12 04:22:05,groupsales@turtledownunder.com.au,Auto Reply from Turtledownunder - Re: Follow-up from Turtle Down Under - TDU27445G,Kolkata,West Bengal,India,,"AD-62, Ground Floor, Saltlake, Sector I, Kolkata 700064",Government business listing (exact email match),,NIDHI+ lists SAILANI TOURS N TRAVELS LIMITED with the exact mailbox admin@kkca.net at this address. Listing accessed through search index; direct page timed out.,https://nidhi.tourism.gov.in/home/directory?categoryCode=02&pageno=48&stateCode=
AAQkADQ1MDBkZGY0LTJmYTYtNDc2Yy1hMWU5LWVmOTdiYTI5MDhlYQAQAG9FMmAz-1pBpD9wdag-WtU=,2026-08-12 04:21:53,admin@kkca.net,Re: Follow-up from Turtle Down Under - TDU27445G,Kolkata,West Bengal,India,,"AD-62, Ground Floor, Saltlake, Sector I, Kolkata 700064",Government business listing (exact email match),,NIDHI+ lists SAILANI TOURS N TRAVELS LIMITED with the exact mailbox admin@kkca.net at this address. Listing accessed through search index; direct page timed out.,https://nidhi.tourism.gov.in/home/directory?categoryCode=02&pageno=48&stateCode=
AAQkADQ1MDBkZGY0LTJmYTYtNDc2Yy1hMWU5LWVmOTdiYTI5MDhlYQAQAFvu8AVuRJtKqw46roopAds=,2026-08-12 02:37:04,groupsales@turtledownunder.com.au,Auto Reply from Turtledownunder - Re: Re: Re: Re: Re: Re: Australia Group - 25th Oct,Kolkata,West Bengal,India,Anwesha Nandy,"Head Office: 304, Rajdanga Sarat Park, Kasba, Near Acropolis Mall, Kolkata 700107",Signature image (visually read),"Region, Country",,signature_images/anwesha.ops_spmtours.in0.png
AAQkADQ1MDBkZGY0LTJmYTYtNDc2Yy1hMWU5LWVmOTdiYTI5MDhlYQAQAHeqsWr1fX5OkST2LLyORNY=,2026-08-12 02:36:38,anwesha.ops@spmtours.in,Re: Re: Re: Re: Re: Re: Australia Group - 25th Oct,Kolkata,West Bengal,India,Anwesha Nandy,"Head Office: 304, Rajdanga Sarat Park, Kasba, Near Acropolis Mall, Kolkata 700107",Signature image (visually read),"Region, Country",,signature_images/anwesha.ops_spmtours.in0.png
AAQkADQ1MDBkZGY0LTJmYTYtNDc2Yy1hMWU5LWVmOTdiYTI5MDhlYQAQAOTTufR4-j9BgM-2YUwey4A=,2026-08-12 02:00:04,groupsales@turtledownunder.com.au,Sales Call Report,,,,,,Not found,,No external contact identified in available content; internal/forward-only record.,
AAQkADQ1MDBkZGY0LTJmYTYtNDc2Yy1hMWU5LWVmOTdiYTI5MDhlYQAQAKD5FIFDmQZBk7vJpuaNMw0=,2026-08-12 02:00:04,groupsales@turtledownunder.com.au,Sales Call Report,,,,,,Not found,,No external contact identified in available content; internal/forward-only record.,
AAQkADQ1MDBkZGY0LTJmYTYtNDc2Yy1hMWU5LWVmOTdiYTI5MDhlYQAQAPIuLuAasXtMsM9w6UtCg9k=,2026-08-12 01:24:21,groupsales@turtledownunder.com.au,Re: Re: URGENT GROUP RFQ  Australia &amp;amp; New Zealand  January 2027  10/15/20/25/30 Pax TDU27478G,,,,,,Not found,,No reliable address found in reviewed sources. Some CID image attachments are unavailable in the JSON; unresolved locations are not guessed.,
AAQkADQ1MDBkZGY0LTJmYTYtNDc2Yy1hMWU5LWVmOTdiYTI5MDhlYQAQABlR_dBCSS5At2b50fVbE-g=,2026-08-12 01:17:32,groupsales@turtledownunder.com.au,Re: Re: AUS + NZ GROUP TOUR QUOTE // 16 - 20 PAX // NOVEMBER 2026 TDU27477G,Pune,Maharashtra,India,Vaishnavi Moghe,"Office No. 3, 2nd Floor, Jitendra Villa, 1194/6, Ghole Rd, near Ramachandra Sabha Mandap, Sud Nagar, Shivajinagar, Pune, Maharashtra 411005",Quoted signature,Country,External contact recovered from forwarded signature.,AAQkADQ1MDBkZGY0LTJmYTYtNDc2Yy1hMWU5LWVmOTdiYTI5MDhlYQAQABlR_dBCSS5At2b50fVbE-g=
AAQkADQ1MDBkZGY0LTJmYTYtNDc2Yy1hMWU5LWVmOTdiYTI5MDhlYQAQAPwuUBu1MddPumDneaUoO64=,2026-08-12 01:08:00,groupsales@turtledownunder.com.au,Re: Re: New Zealand Trip Jan 2027-TJHLDQN47884,Mumbai,Maharashtra,India,Smita Sawant,"001, C Wing, Marathon Innova Corporate Centre, Off Ganpat Rao Kadam Marg, Lower Parel (W), Mumbai 400013",Text signature,"Region, Country",,AAQkADQ1MDBkZGY0LTJmYTYtNDc2Yy1hMWU5LWVmOTdiYTI5MDhlYQAQAPwuUBu1MddPumDneaUoO64=
AAQkADQ1MDBkZGY0LTJmYTYtNDc2Yy1hMWU5LWVmOTdiYTI5MDhlYQAQAGQtwhK7pFJAuiIEe7mNfXs=,2026-08-12 01:00:19,groupsales@turtledownunder.com.au,Follow-up from Turtle Down Under - TDU27330G,Gurugram,Haryana,India,Tapas Majumder,"19th Floor, Tower C, Epitome Building No 5, DLF Cyber City, Phase II, Gurugram 122002, India",Quoted signature,Region,,AAQkADQ1MDBkZGY0LTJmYTYtNDc2Yy1hMWU5LWVmOTdiYTI5MDhlYQAQANxsZJzGf7dOirBdbRSEMuc=
AAQkADQ1MDBkZGY0LTJmYTYtNDc2Yy1hMWU5LWVmOTdiYTI5MDhlYQAQADGoCJpL_NlLu0BQEBU_joY=,2026-08-12 01:00:18,groupsales@turtledownunder.com.au,Follow-up from Turtle Down Under - TDU27469G,Kolkata,West Bengal,India,Anwesha Nandy,"Head Office: 304, Rajdanga Sarat Park, Kasba, Near Acropolis Mall, Kolkata 700107",Signature image (visually read),"Region, Country",,signature_images/anwesha.ops_spmtours.in0.png
AAQkADQ1MDBkZGY0LTJmYTYtNDc2Yy1hMWU5LWVmOTdiYTI5MDhlYQAQAAMhhfSL3pZJqemhcnFFrXo=,2026-08-12 01:00:17,groupsales@turtledownunder.com.au,Follow-up from Turtle Down Under - TDU27466G,Ahmedabad,Gujarat,India,AKHIL SHAH,"C-168,CP Nagar Part-2, Near Arjun Tower, Ghatlodia, Ahmedabad, Gujarat, India - 380061",Text signature,,,AAQkADQ1MDBkZGY0LTJmYTYtNDc2Yy1hMWU5LWVmOTdiYTI5MDhlYQAQAMKd9IUw3JJNoW2XH206KxU=
AAQkADQ1MDBkZGY0LTJmYTYtNDc2Yy1hMWU5LWVmOTdiYTI5MDhlYQAQAEDQetabmI5MnM35bAJuj7Q=,2026-08-12 01:00:14,groupsales@turtledownunder.com.au,Follow-up from Turtle Down Under - TDU27439G,Colombo,Western Province,Sri Lanka,Prashant Paliwal,"Level 09-03, East Tower, World Trade Centre, Colombo 01",Signature image (visually read),"Region, Country","Image is included in this sender's own signature, but prints the alternate mailbox marketing.cmb@satgurutravel.com.",signature_images/vendors.cmb_satgurutravel.com0.png
AAQkADQ1MDBkZGY0LTJmYTYtNDc2Yy1hMWU5LWVmOTdiYTI5MDhlYQAQAJrrGcx2qmtMliWhBcKLBk8=,2026-08-12 01:00:14,groupsales@turtledownunder.com.au,Follow-up from Turtle Down Under - TDU27444G,,,India,Shreya,,Multiple colleague offices (branch unresolved),Country,Colleague signatures show Gurugram and Mumbai. Shreya's branch cannot be selected reliably. See Office Candidates.,AAQkADQ1MDBkZGY0LTJmYTYtNDc2Yy1hMWU5LWVmOTdiYTI5MDhlYQAQAJrrGcx2qmtMliWhBcKLBk8=
AAQkADQ1MDBkZGY0LTJmYTYtNDc2Yy1hMWU5LWVmOTdiYTI5MDhlYQAQABE5pramsT5Jm_vnZNcXtVc=,2026-08-12 01:00:12,groupsales@turtledownunder.com.au,Follow-up from Turtle Down Under - TDU27426G,,,,,,Not found,,No reliable address found in reviewed sources. Some CID image attachments are unavailable in the JSON; unresolved locations are not guessed.,
AAQkADQ1MDBkZGY0LTJmYTYtNDc2Yy1hMWU5LWVmOTdiYTI5MDhlYQAQAHkIl2Q2OeBHmdJsgqPLabU=,2026-08-12 01:00:09,groupsales@turtledownunder.com.au,Follow-up from Turtle Down Under - TDU27413G,,,India,,,Multiple official offices (branch unresolved),Country,Website lists three offices; Pallavi's branch is not identifiable. See Office Candidates.,https://nautical51.com/contact-us/
AAQkADQ1MDBkZGY0LTJmYTYtNDc2Yy1hMWU5LWVmOTdiYTI5MDhlYQAQAHd6OHa436NNvaz0SXrzYGE=,2026-08-12 01:00:09,groupsales@turtledownunder.com.au,Follow-up from Turtle Down Under - TDU27399G,,,,,,Not found,,No reliable address found in reviewed sources. Some CID image attachments are unavailable in the JSON; unresolved locations are not guessed.,
AAQkADQ1MDBkZGY0LTJmYTYtNDc2Yy1hMWU5LWVmOTdiYTI5MDhlYQAQABo-eHp8R85Dohy56lQW2Tc=,2026-08-12 01:00:08,groupsales@turtledownunder.com.au,Follow-up from Turtle Down Under - TDU27363G,,,,,,Not found,,No reliable address found in reviewed sources. Some CID image attachments are unavailable in the JSON; unresolved locations are not guessed.,
AAQkADQ1MDBkZGY0LTJmYTYtNDc2Yy1hMWU5LWVmOTdiYTI5MDhlYQAQANWRmWqyf7xNnSdINWmBKaE=,2026-08-12 00:59:16,groupsales@turtledownunder.com.au,Re: RE: FW: Group Query - November 2026 TDU27384G,Gurugram,Haryana,India,,"110-111, First Floor, Unitech Commercial Tower 2, Sector 45, Gurugram, Haryana 122002, India",Official company headquarters (branch unconfirmed),,Gurugram HQ used as a company-level match. Website also lists Mumbai; Honey's branch is unconfirmed.,https://adionatravels.com/contact/
AAQkADQ1MDBkZGY0LTJmYTYtNDc2Yy1hMWU5LWVmOTdiYTI5MDhlYQAQAAZazB5yGENOsDNVhtjVluM=,2026-08-11 23:45:09,arunp@turtledownunder.com.au,FW: RE: Re: Re: Vijay // Australia // Feb,,,,Karthik Reddy J,,Not found,,No reliable address found in reviewed sources. Some CID image attachments are unavailable in the JSON; unresolved locations are not guessed.,
AAQkADQ1MDBkZGY0LTJmYTYtNDc2Yy1hMWU5LWVmOTdiYTI5MDhlYQAQAGZ3sqStwmlLjQkj9Oe0aO4=,2026-08-11 23:08:40,joseph.dsilva@dreamsetgo.com,Re: Re: Re: Re: Re: Re: Re: Re: Travel w Legends TDU26881G,Mumbai,Maharashtra,India,Joe,"18th Floor, Unit 1806, Wing C, G Block, ONE BKC, Bandra Kurla Complex, Bandra East, Mumbai, Maharashtra 400051",Colleague company office (branch unconfirmed),Country,Company office from Manvendra Singh's signature included in the thread; Joe's branch is unconfirmed.,AAQkADQ1MDBkZGY0LTJmYTYtNDc2Yy1hMWU5LWVmOTdiYTI5MDhlYQAQAGZ3sqStwmlLjQkj9Oe0aO4=
AAQkADQ1MDBkZGY0LTJmYTYtNDc2Yy1hMWU5LWVmOTdiYTI5MDhlYQAQAG298Z6zgx5JqRy0UwXzdPs=,2026-08-11 23:00:27,sales@turtledownunder.com.au,Re: Seniors Private Group / 15 pax / 9 Nights,,,,,,Not found,,No external contact identified in available content; internal/forward-only record.,
AAQkADQ1MDBkZGY0LTJmYTYtNDc2Yy1hMWU5LWVmOTdiYTI5MDhlYQAQADfpL3xGB4RInP-tvp8kGbM=,2026-08-11 22:58:05,groupsales@turtledownunder.com.au,Auto Reply from Turtledownunder - Re: Re: Re: Re: Re: Re: Re: Follow-up from Turtle Down Under - TDU27121G,Kolkata,West Bengal,India,Paulami Karmakar,"4/2, Kalikapur Road, 4th Floor, Kolkata 700099, West Bengal",Official company headquarters (branch unconfirmed),Country,Company head office used; Paulami's signature lists several operating cities without selecting her branch.,https://straightlineworldwide.com/
AAQkADQ1MDBkZGY0LTJmYTYtNDc2Yy1hMWU5LWVmOTdiYTI5MDhlYQAQAI2RuI5Xts1Ctg6AmEqqROY=,2026-08-11 22:57:45,paulami@straightlineworldwide.com,Re: Re: Re: Re: Re: Re: Re: Follow-up from Turtle Down Under - TDU27121G,Kolkata,West Bengal,India,Paulami Karmakar,"4/2, Kalikapur Road, 4th Floor, Kolkata 700099, West Bengal",Official company headquarters (branch unconfirmed),Country,Company head office used; Paulami's signature lists several operating cities without selecting her branch.,https://straightlineworldwide.com/
AAQkADQ1MDBkZGY0LTJmYTYtNDc2Yy1hMWU5LWVmOTdiYTI5MDhlYQAQAJc14464PaBOv_ByOmOkPlc=,2026-08-11 21:37:37,sales@turtledownunder.com.au,Re: 32 Adults 15 Nov New Zealand,,,,,,Not found,,No external contact identified in available content; internal/forward-only record.,
AAQkADQ1MDBkZGY0LTJmYTYtNDc2Yy1hMWU5LWVmOTdiYTI5MDhlYQAQANuV4W4LHthLnG_Yciyd_r4=,2026-08-11 21:36:13,Ankit.Gaur@go-mmt.com,RE: Re: Request for Quotation **26th August to 4th September ** VIP Group,Gurugram,Haryana,India,Ankit Gaur,"19th Floor, Tower A, B & C, Epitome Building No 5, DLF Cyber City, Phase II, Gurugram 122002, India",Quoted signature,Region,,AAQkADQ1MDBkZGY0LTJmYTYtNDc2Yy1hMWU5LWVmOTdiYTI5MDhlYQAQANuV4W4LHthLnG_Yciyd_r4=
AAQkADQ1MDBkZGY0LTJmYTYtNDc2Yy1hMWU5LWVmOTdiYTI5MDhlYQAQAHcz46fjutVPvZiq4sChHRw=,2026-08-11 21:23:32,groupsales@turtledownunder.com.au,Follow-up from Turtle Down Under - TDU27279G,Surat,Gujarat,India,Jatin Jadwani,"923-924, HLC Tower, Homeland City, Opposite J H Ambani School, Vesu, Surat, Gujarat 395007",Signature image (visually read),Country,,signature_images/groups_exoticalley.com0.png
AAQkADQ1MDBkZGY0LTJmYTYtNDc2Yy1hMWU5LWVmOTdiYTI5MDhlYQAQAFKSEtkbo2RJuWowKx4Ny_Q=,2026-08-11 21:22:04,groupsales@turtledownunder.com.au,Auto Reply from Turtledownunder - Re: RE: Re: Re: Vijay // Australia // Feb,,,,Karthik Reddy J,,Not found,,No reliable address found in reviewed sources. Some CID image attachments are unavailable in the JSON; unresolved locations are not guessed.,
AAQkADQ1MDBkZGY0LTJmYTYtNDc2Yy1hMWU5LWVmOTdiYTI5MDhlYQAQAH7gTpJYis5GnS7W8ujt5bU=,2026-08-11 21:02:05,groupsales@turtledownunder.com.au,Auto Reply from Turtledownunder - Re: Re: Re: Re: Re: Re: Follow-up from Turtle Down Under - TDU27279G,Surat,Gujarat,India,Jatin Jadwani,"923-924, HLC Tower, Homeland City, Opposite J H Ambani School, Vesu, Surat, Gujarat 395007",Signature image (visually read),Country,,signature_images/groups_exoticalley.com0.png
AAQkADQ1MDBkZGY0LTJmYTYtNDc2Yy1hMWU5LWVmOTdiYTI5MDhlYQAQAIDNlFDgpqVGugWxwnQlJrc=,2026-08-11 21:01:44,groups@exoticalley.com,Re: Re: Re: Re: Re: Re: Follow-up from Turtle Down Under - TDU27279G,Surat,Gujarat,India,Jatin Jadwani,"923-924, HLC Tower, Homeland City, Opposite J H Ambani School, Vesu, Surat, Gujarat 395007",Signature image (visually read),Country,,signature_images/groups_exoticalley.com0.png
AAQkADQ1MDBkZGY0LTJmYTYtNDc2Yy1hMWU5LWVmOTdiYTI5MDhlYQAQALzm8dPY7D5Lt54VuC9rzjQ=,2026-08-11 20:52:04,groupsales@turtledownunder.com.au,Auto Reply from Turtledownunder - [SPAM] 25 pax Sydny (Australia) tour request  16 SEP 2026,Kochi,Kerala,India,,"Elmar Square, Above HDFC Bank, MG Road, Cochin 682016",Official company headquarters (branch unconfirmed),"Region, Country",Corporate office used; company has other branches. Cochin normalized to Kochi. Bank-branch address in the email was excluded.,https://flywelltours.com/branches/
AAQkADQ1MDBkZGY0LTJmYTYtNDc2Yy1hMWU5LWVmOTdiYTI5MDhlYQAQADI_QUbGsE1Ht1kK9rzqLaQ=,2026-08-11 20:51:34,subi@flywelltours.com,[SPAM] 25 pax Sydny (Australia) tour request  16 SEP 2026,Kochi,Kerala,India,,"Elmar Square, Above HDFC Bank, MG Road, Cochin 682016",Official company headquarters (branch unconfirmed),"Region, Country",Corporate office used; company has other branches. Cochin normalized to Kochi. Bank-branch address in the email was excluded.,https://flywelltours.com/branches/
AAQkADQ1MDBkZGY0LTJmYTYtNDc2Yy1hMWU5LWVmOTdiYTI5MDhlYQAQAIQENFy7fmxJkEHXoVufMuk=,2026-08-11 20:21:01,ankit@foxtrot.co.in,RE: RE: RE: RE: RE: RE: Re: RE: Aussi//25 pax TDU27313G,,,India,Ankit Chopra,,Multiple signature offices (branch unresolved),Country,Nitin's signature lists Mumbai HQ and Noida. No single contact branch assigned. See Office Candidates.,AAQkADQ1MDBkZGY0LTJmYTYtNDc2Yy1hMWU5LWVmOTdiYTI5MDhlYQAQAIQENFy7fmxJkEHXoVufMuk=
AAQkADQ1MDBkZGY0LTJmYTYtNDc2Yy1hMWU5LWVmOTdiYTI5MDhlYQAQABx3p0oeH2pHuzkiSgibO6I=,2026-08-11 20:03:19,invite@kbltcongress.com,"Our Meeting in Riyadh, September 2026",Dubai,Dubai,United Arab Emirates,Sulaiman Al Romi,"QnA International LLC 506 Opal Tower, Burj Khalifa Street, Dubai United Arab Emirates",Text signature,Region,,AAQkADQ1MDBkZGY0LTJmYTYtNDc2Yy1hMWU5LWVmOTdiYTI5MDhlYQAQABx3p0oeH2pHuzkiSgibO6I=
AAQkADQ1MDBkZGY0LTJmYTYtNDc2Yy1hMWU5LWVmOTdiYTI5MDhlYQAQAIpL15555xtGk0tsxbKeubI=,2026-08-11 19:27:34,groupsales@turtledownunder.com.au,Re: Re: Sailani//Pure Veg//NZ//February TDU27445G,Kolkata,West Bengal,India,,"AD-62, Ground Floor, Saltlake, Sector I, Kolkata 700064",Government business listing (exact email match),,NIDHI+ lists SAILANI TOURS N TRAVELS LIMITED with the exact mailbox admin@kkca.net at this address. Listing accessed through search index; direct page timed out.,https://nidhi.tourism.gov.in/home/directory?categoryCode=02&pageno=48&stateCode=
AAQkADQ1MDBkZGY0LTJmYTYtNDc2Yy1hMWU5LWVmOTdiYTI5MDhlYQAQAJRrqGRhbPROri3tcGuFcaY=,2026-08-11 19:16:03,shreya@axplore.in,167 pax | Melbourne | Sep - Dec | Turtle Down Under,,,India,Shreya,,Multiple colleague offices (branch unresolved),Country,Colleague signatures show Gurugram and Mumbai. Shreya's branch cannot be selected reliably. See Office Candidates.,AAQkADQ1MDBkZGY0LTJmYTYtNDc2Yy1hMWU5LWVmOTdiYTI5MDhlYQAQAJrrGcx2qmtMliWhBcKLBk8=
AAQkADQ1MDBkZGY0LTJmYTYtNDc2Yy1hMWU5LWVmOTdiYTI5MDhlYQAQAKwdFTNlhHVOkTHGstZiwgM=,2026-08-11 18:49:05,groupsales@turtledownunder.com.au,Auto Reply from Turtledownunder - CHARDHAMSEP-OCT,Dehradun,Uttarakhand,India,,"2nd Floor, Grandeur Complex, Sahastradhara Road, Near Sahastradhara Helipad, Dehradun, Uttarakhand 248001, India",Text signature,,,AAQkADQ1MDBkZGY0LTJmYTYtNDc2Yy1hMWU5LWVmOTdiYTI5MDhlYQAQAAN6rZOrIwpLi9AY9LbN5f4=
AAQkADQ1MDBkZGY0LTJmYTYtNDc2Yy1hMWU5LWVmOTdiYTI5MDhlYQAQAAN6rZOrIwpLi9AY9LbN5f4=,2026-08-11 18:48:47,salesddn@shivbholetravelmart.com,CHARDHAMSEP-OCT,Dehradun,Uttarakhand,India,,"2nd Floor, Grandeur Complex, Sahastradhara Road, Near Sahastradhara Helipad, Dehradun, Uttarakhand 248001, India",Text signature,,,AAQkADQ1MDBkZGY0LTJmYTYtNDc2Yy1hMWU5LWVmOTdiYTI5MDhlYQAQAAN6rZOrIwpLi9AY9LbN5f4=
AAQkADQ1MDBkZGY0LTJmYTYtNDc2Yy1hMWU5LWVmOTdiYTI5MDhlYQAQAAqH2ZTzkaROhC-FUUAOjsk=,2026-08-11 18:48:29,groupsales@turtledownunder.com.au,TS Australia Group Sep -Nov 2026,Ghaziabad,Uttar Pradesh,India,Nishant Chaudhry,"616, 6th Floor, Signature Global Mall Vaishali, Sector 3F, Ghaziabad, Uttar Pradesh, India",Signature image (visually read),,,signature_images/nishant_travelseasons.in0.png
AAQkADQ1MDBkZGY0LTJmYTYtNDc2Yy1hMWU5LWVmOTdiYTI5MDhlYQAQALgPR8Nx979HrOwkxLbT9Pg=,2026-08-11 18:47:53,groupsales@turtledownunder.com.au,Fwd: Re: Re: Re: Re: AUSTRALIA PACKAGE QUERY-TJHLDQN47814 | TDU36758,Mumbai,Maharashtra,India,Smita Sawant,"001, C Wing, Marathon Innova Corporate Centre, Off Ganpat Rao Kadam Marg, Lower Parel (W), Mumbai 400013",Text signature,"Region, Country",External contact recovered from forwarded signature.,AAQkADQ1MDBkZGY0LTJmYTYtNDc2Yy1hMWU5LWVmOTdiYTI5MDhlYQAQAPwuUBu1MddPumDneaUoO64=
AAQkADQ1MDBkZGY0LTJmYTYtNDc2Yy1hMWU5LWVmOTdiYTI5MDhlYQAQAJdlqmr0-wNFmf9FYpXJks8=,2026-08-11 18:43:06,groupsales@turtledownunder.com.au,Re: Re: CANH/SYD TDU27278G,New Delhi,Delhi,India,Ruchi Bajaj,"2-D, Gopala Tower, Rajendra Place, New Delhi 110008",Colleague company office (branch unconfirmed),"Region, Country",Company office from Arindam Pal's quoted signature in Ruchi's thread; Ruchi's branch is unconfirmed. Company lists several branches.,AAQkADQ1MDBkZGY0LTJmYTYtNDc2Yy1hMWU5LWVmOTdiYTI5MDhlYQAQAJdlqmr0-wNFmf9FYpXJks8=
AAQkADQ1MDBkZGY0LTJmYTYtNDc2Yy1hMWU5LWVmOTdiYTI5MDhlYQAQACWliKshnQNIjsBHCy6FG08=,2026-08-11 18:42:47,groupsales@turtledownunder.com.au,Re: Re: Fw: MELBOURNE GROUP : 110 - 120 PAX : OCT TRAVEL,Mumbai,Maharashtra,India,Omkar Gholkar,"G/2, Leela Business Park, Andheri Kurla Road, Andheri (East), Mumbai - 400059, Maharashtra, India",Text signature,,,AAQkADQ1MDBkZGY0LTJmYTYtNDc2Yy1hMWU5LWVmOTdiYTI5MDhlYQAQACWliKshnQNIjsBHCy6FG08=
AAQkADQ1MDBkZGY0LTJmYTYtNDc2Yy1hMWU5LWVmOTdiYTI5MDhlYQAQAGuK0rEWLjtDqVzBxBoxY4E=,2026-08-11 18:38:54,groupsales@turtledownunder.com.au,Re: RE: Turtle Down Under / Axplore Travelplus - Group Enquiry,Mumbai,Maharashtra,India,Rohit Nair,"808/809-8th Floor, Kanakia Wall Street, Andheri - Kurla Road, Chakala, Andheri East, Mumbai, Maharashtra 400093",Text signature,Country,,AAQkADQ1MDBkZGY0LTJmYTYtNDc2Yy1hMWU5LWVmOTdiYTI5MDhlYQAQAGuK0rEWLjtDqVzBxBoxY4E=
AAQkADQ1MDBkZGY0LTJmYTYtNDc2Yy1hMWU5LWVmOTdiYTI5MDhlYQAQAL4Tu3DpoiBIp43Hwmts3wo=,2026-08-11 18:34:00,nikita.vedak@tripjack.com,TJHLDQN47844 / Australia And New Zealand || Mr. Pradeep Parikh X 30 PAX - 5th March 27,Mumbai,Maharashtra,India,Nikita Vedak,"001, C Wing, Marathon Innova Corporate Centre, Off Ganpat Rao Kadam Marg, Lower Parel (W), Mumbai 400013",Text signature,"Region, Country",,AAQkADQ1MDBkZGY0LTJmYTYtNDc2Yy1hMWU5LWVmOTdiYTI5MDhlYQAQAL4Tu3DpoiBIp43Hwmts3wo=
AAQkADQ1MDBkZGY0LTJmYTYtNDc2Yy1hMWU5LWVmOTdiYTI5MDhlYQAQANb-1xoyD5lNpzesq1_nQqQ=,2026-08-11 18:31:57,groupsales@turtledownunder.com.au,Re: Re: 167 pax | Melbourne | Sep - Dec | Turtle Down Under,,,India,Shreya,,Multiple colleague offices (branch unresolved),Country,Colleague signatures show Gurugram and Mumbai. Shreya's branch cannot be selected reliably. See Office Candidates.,AAQkADQ1MDBkZGY0LTJmYTYtNDc2Yy1hMWU5LWVmOTdiYTI5MDhlYQAQAJrrGcx2qmtMliWhBcKLBk8=
AAQkADQ1MDBkZGY0LTJmYTYtNDc2Yy1hMWU5LWVmOTdiYTI5MDhlYQAQAEIFBivEha1Hk-lFQyTwWgE=,2026-08-11 18:26:55,smita.sawant@tripjack.com,Re: Re: Re: Re: AUSTRALIA PACKAGE QUERY-TJHLDQN47814 | TDU36758,Mumbai,Maharashtra,India,Smita Sawant,"001, C Wing, Marathon Innova Corporate Centre, Off Ganpat Rao Kadam Marg, Lower Parel (W), Mumbai 400013",Text signature,"Region, Country",,AAQkADQ1MDBkZGY0LTJmYTYtNDc2Yy1hMWU5LWVmOTdiYTI5MDhlYQAQAEIFBivEha1Hk-lFQyTwWgE=
AAQkADQ1MDBkZGY0LTJmYTYtNDc2Yy1hMWU5LWVmOTdiYTI5MDhlYQAQAPIFheeoxxhKheAfrlR7yJY=,2026-08-11 17:48:04,groupsales@turtledownunder.com.au,Auto Reply from Turtledownunder - RE: Re: Request for Quotation **26th August to 4th September ** VIP Group,Gurugram,Haryana,India,Ankit Gaur,"19th Floor, Tower A, B & C, Epitome Building No 5, DLF Cyber City, Phase II, Gurugram 122002, India",Quoted signature,Region,,AAQkADQ1MDBkZGY0LTJmYTYtNDc2Yy1hMWU5LWVmOTdiYTI5MDhlYQAQANuV4W4LHthLnG_Yciyd_r4=
AAQkADQ1MDBkZGY0LTJmYTYtNDc2Yy1hMWU5LWVmOTdiYTI5MDhlYQAQAIbKR2gwETpCmEtI3O8Z37Y=,2026-08-11 17:28:54,arunp@turtledownunder.com.au,RE: RE: Re: Re: Re: Re: Re: Australia Quote Required || Nov,Surat,Gujarat,India,Mahin Khoja,"923-924, HLC Tower, Homeland City, Opposite J H Ambani School, Vesu, Surat, Gujarat 395007",Signature image (visually read),Country,,signature_images/info_exoticalley.com0.png
AAQkADQ1MDBkZGY0LTJmYTYtNDc2Yy1hMWU5LWVmOTdiYTI5MDhlYQAQACk6NW0Gnh9LnXPo6zy0yjM=,2026-08-11 17:11:53,groupsales@turtledownunder.com.au,Re: RE: TDU26643G - SKH Global - Calculation,New Delhi,Delhi,India,Gaurav Kumar,"Corporate Office: Plot No. 10, First Floor, Community Center, East of Kailash, New Delhi-110065",Text signature,"Region, Country",,AAQkADQ1MDBkZGY0LTJmYTYtNDc2Yy1hMWU5LWVmOTdiYTI5MDhlYQAQACk6NW0Gnh9LnXPo6zy0yjM=
AAQkADQ1MDBkZGY0LTJmYTYtNDc2Yy1hMWU5LWVmOTdiYTI5MDhlYQAQAJ-Dru00IhZHtqfhAEoDrqw=,2026-08-11 16:51:04,groupsales@turtledownunder.com.au,Auto Reply from Turtledownunder - Re: Re: Re: TJHLDQN44940 / Australia,Mumbai,Maharashtra,India,Nikita Vedak,"001, C Wing, Marathon Innova Corporate Centre, Off Ganpat Rao Kadam Marg, Lower Parel (W), Mumbai 400013",Text signature,"Region, Country",,AAQkADQ1MDBkZGY0LTJmYTYtNDc2Yy1hMWU5LWVmOTdiYTI5MDhlYQAQAL4Tu3DpoiBIp43Hwmts3wo=
AAQkADQ1MDBkZGY0LTJmYTYtNDc2Yy1hMWU5LWVmOTdiYTI5MDhlYQAQANfUrMaPeslFnfXUwALO3X4=,2026-08-11 16:50:44,nikita.vedak@tripjack.com,Re: Re: Re: TJHLDQN44940 / Australia,Mumbai,Maharashtra,India,Nikita Vedak,"001, C Wing, Marathon Innova Corporate Centre, Off Ganpat Rao Kadam Marg, Lower Parel (W), Mumbai 400013",Text signature,"Region, Country",,AAQkADQ1MDBkZGY0LTJmYTYtNDc2Yy1hMWU5LWVmOTdiYTI5MDhlYQAQANfUrMaPeslFnfXUwALO3X4=
AAQkADQ1MDBkZGY0LTJmYTYtNDc2Yy1hMWU5LWVmOTdiYTI5MDhlYQAQAP8y448HaXFHkg2ZvxdMOeY=,2026-08-11 16:42:03,groupsales@turtledownunder.com.au,Auto Reply from Turtledownunder - Re: Re: Re: Re: Re: Re: Re: Re: Re: Re: Re: Re: Re: Re: Re: Group for august TDU27143G,,,,Md. Shaiful Karim,,Not found,,No reliable address found in reviewed sources. Some CID image attachments are unavailable in the JSON; unresolved locations are not guessed.,
AAQkADQ1MDBkZGY0LTJmYTYtNDc2Yy1hMWU5LWVmOTdiYTI5MDhlYQAQAMQ4ykVSdahKuk4-7jyvajU=,2026-08-11 16:38:04,groupsales@turtledownunder.com.au,Auto Reply from Turtledownunder - RE: RE: RE: RE: RE: Re: RE: Aussi//25 pax TDU27313G,,,India,Ankit Chopra,,Multiple signature offices (branch unresolved),Country,Nitin's signature lists Mumbai HQ and Noida. No single contact branch assigned. See Office Candidates.,AAQkADQ1MDBkZGY0LTJmYTYtNDc2Yy1hMWU5LWVmOTdiYTI5MDhlYQAQAIQENFy7fmxJkEHXoVufMuk=
AAQkADQ1MDBkZGY0LTJmYTYtNDc2Yy1hMWU5LWVmOTdiYTI5MDhlYQAQAHheumFTonpApk8gPpRDZkY=,2026-08-11 16:31:02,Pavithra@delmegetravels.com,Re: Re: Re: Re: AUSTRALIA GROUP DEPARTURE - DEC&amp;amp;amp;amp;amp;amp;#039;26,Colombo,Western Province,Sri Lanka,Pavithra Chandramali,"101, Vinayalankara Mw., Colombo 10, Sri Lanka",Text signature,Region,,AAQkADQ1MDBkZGY0LTJmYTYtNDc2Yy1hMWU5LWVmOTdiYTI5MDhlYQAQAHheumFTonpApk8gPpRDZkY=
AAQkADQ1MDBkZGY0LTJmYTYtNDc2Yy1hMWU5LWVmOTdiYTI5MDhlYQAQAFDQ3CUDcbZDi8UQ9yad3Xg=,2026-08-11 16:24:13,HB327-RE@accor.com,Re: Outstanding Payment for Additional Charges,Melbourne Airport,Victoria,Australia,Jay,"1 Grants Road, Melbourne Airport 3045, VIC, Australia",Text signature,,,AAQkADQ1MDBkZGY0LTJmYTYtNDc2Yy1hMWU5LWVmOTdiYTI5MDhlYQAQAFDQ3CUDcbZDi8UQ9yad3Xg=
AAQkADQ1MDBkZGY0LTJmYTYtNDc2Yy1hMWU5LWVmOTdiYTI5MDhlYQAQANBRKGRajQZKvsGAG9tXGxM=,2026-08-11 15:51:04,groupsales@turtledownunder.com.au,Auto Reply from Turtledownunder - Re: Sailani//Pure Veg//NZ//February TDU27445G,Kolkata,West Bengal,India,,"AD-62, Ground Floor, Saltlake, Sector I, Kolkata 700064",Government business listing (exact email match),,NIDHI+ lists SAILANI TOURS N TRAVELS LIMITED with the exact mailbox admin@kkca.net at this address. Listing accessed through search index; direct page timed out.,https://nidhi.tourism.gov.in/home/directory?categoryCode=02&pageno=48&stateCode=
AAQkADQ1MDBkZGY0LTJmYTYtNDc2Yy1hMWU5LWVmOTdiYTI5MDhlYQAQAL87EreWatNJrIdbz3EYtak=,2026-08-11 15:35:16,sales@turtledownunder.com.au,Re: Ref: New Zealand Package | 12 Adults | 13N/14D | Travel: 21 Dec  03 Jan,Chennai,Tamil Nadu,India,Keerthana,"111A, First floor, Mount View Building, Little Mount, Guindy, Chennai, Tamil Nadu 600032",Quoted signature,Country,External contact recovered from forwarded signature.,AAQkADQ1MDBkZGY0LTJmYTYtNDc2Yy1hMWU5LWVmOTdiYTI5MDhlYQAQAL87EreWatNJrIdbz3EYtak=
AAQkADQ1MDBkZGY0LTJmYTYtNDc2Yy1hMWU5LWVmOTdiYTI5MDhlYQAQAAArj7cGWkxNtHQdVKsnDkQ=,2026-08-11 15:24:31,Pavithra@delmegetravels.com,Re: Re: Re: AUSTRALIA GROUP DEPARTURE - DEC&amp;amp;amp;amp;amp;#039;26,Colombo,Western Province,Sri Lanka,Pavithra Chandramali,"101, Vinayalankara Mw., Colombo 10, Sri Lanka",Text signature,Region,,AAQkADQ1MDBkZGY0LTJmYTYtNDc2Yy1hMWU5LWVmOTdiYTI5MDhlYQAQAAArj7cGWkxNtHQdVKsnDkQ=
AAQkADQ1MDBkZGY0LTJmYTYtNDc2Yy1hMWU5LWVmOTdiYTI5MDhlYQAQAB-Z9UCzKqVFqMv-s22zhZc=,2026-08-11 15:22:58,asia@turtledownunder.com.au,Fwd: 16 pax ayush,Ahmedabad,Gujarat,India,AKHIL SHAH,"C-168,CP Nagar Part-2, Near Arjun Tower, Ghatlodia, Ahmedabad, Gujarat, India - 380061",Text signature,,External contact recovered from forwarded signature.,AAQkADQ1MDBkZGY0LTJmYTYtNDc2Yy1hMWU5LWVmOTdiYTI5MDhlYQAQAMKd9IUw3JJNoW2XH206KxU=
AAQkADQ1MDBkZGY0LTJmYTYtNDc2Yy1hMWU5LWVmOTdiYTI5MDhlYQAQAGKt5EcL_W9Dkd9X5wze6iY=,2026-08-11 14:56:06,groupsales@turtledownunder.com.au,Auto Reply from Turtledownunder - Re: Australia Group - 25th Oct,Kolkata,West Bengal,India,Bipasha Samanta,"Head Office: Rajdanga Sarat Park, Kolkata 700107, India",Signature image (visually read),Region,Signature also lists a registered office in Howrah 711101; main table uses the explicitly labelled head office.,signature_images/bipasha_spmtours.in0.png
AAQkADQ1MDBkZGY0LTJmYTYtNDc2Yy1hMWU5LWVmOTdiYTI5MDhlYQAQALhMzo16xL9An--MRDMHW_U=,2026-08-11 14:55:36,bipasha@spmtours.in,Re: Australia Group - 25th Oct,Kolkata,West Bengal,India,Bipasha Samanta,"Head Office: Rajdanga Sarat Park, Kolkata 700107, India",Signature image (visually read),Region,Signature also lists a registered office in Howrah 711101; main table uses the explicitly labelled head office.,signature_images/bipasha_spmtours.in0.png
AAQkADQ1MDBkZGY0LTJmYTYtNDc2Yy1hMWU5LWVmOTdiYTI5MDhlYQAQAJkXySGEEItCu-Ddnlz_CcI=,2026-08-11 14:37:00,groupsales@turtledownunder.com.au,RE: 300 Pax || Australia || Motu || PRA || Dec&#039; 26 - Jan&#039; 27,,,,Rashmi,,Not found,,No reliable address found in reviewed sources. Some CID image attachments are unavailable in the JSON; unresolved locations are not guessed.,
AAQkADQ1MDBkZGY0LTJmYTYtNDc2Yy1hMWU5LWVmOTdiYTI5MDhlYQAQAFqGQgKhzHJNog77LWk21UI=,2026-08-11 14:03:16,thusholidays@gmail.com,Re: Re: Re: Re: Re: Re: Fw: Australia 26 Pax // Sep 2026,Bhubaneswar,Odisha,India,Santosh K. Panda,"Plot No 577/1331, Royal Village Road 2, Sundarpada, Ebaranga, Bhubaneswar - 751002",Text signature,"Region, Country",,AAQkADQ1MDBkZGY0LTJmYTYtNDc2Yy1hMWU5LWVmOTdiYTI5MDhlYQAQAFqGQgKhzHJNog77LWk21UI=
AAQkADQ1MDBkZGY0LTJmYTYtNDc2Yy1hMWU5LWVmOTdiYTI5MDhlYQAQAGDIYogSOD9MnGTNuOQwDIc=,2026-08-11 13:51:35,Microsoft365@communication.microsoft.com,Organise your day with Outlook,Redmond,Washington,United States,,"Microsoft Corporation, One Microsoft Way, Redmond, WA 98052, USA",Text signature,,,AAQkADQ1MDBkZGY0LTJmYTYtNDc2Yy1hMWU5LWVmOTdiYTI5MDhlYQAQAGDIYogSOD9MnGTNuOQwDIc=
AAQkADQ1MDBkZGY0LTJmYTYtNDc2Yy1hMWU5LWVmOTdiYTI5MDhlYQAQABOxjaIvTAxEvj7oOxwL7NM=,2026-08-11 13:50:05,groupsales@turtledownunder.com.au,Auto Reply from Turtledownunder - RE: RE: RE: RE: RE: Re: RE: Aussi//25 pax TDU27313G,,,India,Nitin Tandon,,Multiple signature offices (branch unresolved),Country,Nitin's signature lists Mumbai HQ and Noida. No single contact branch assigned. See Office Candidates.,AAQkADQ1MDBkZGY0LTJmYTYtNDc2Yy1hMWU5LWVmOTdiYTI5MDhlYQAQAIQENFy7fmxJkEHXoVufMuk=
AAQkADQ1MDBkZGY0LTJmYTYtNDc2Yy1hMWU5LWVmOTdiYTI5MDhlYQAQANYTIUtWenVLq55coBLQSe0=,2026-08-11 13:48:05,groupsales@turtledownunder.com.au,Auto Reply from Turtledownunder - Re: Re: Re: Re: Re: Re: Re: Re: Re: Re: Re: Re: Re: Re: Re: Re: Re: Nabin x 28 pax Australia,Kathmandu,Bagmati Province,Nepal,Rinu Bajracharya,"Gairidhara , Kathmandu , Nepal",Text signature,Region,,AAQkADQ1MDBkZGY0LTJmYTYtNDc2Yy1hMWU5LWVmOTdiYTI5MDhlYQAQANixRwAbvX9Lj3GBGbwcQS0=
AAQkADQ1MDBkZGY0LTJmYTYtNDc2Yy1hMWU5LWVmOTdiYTI5MDhlYQAQAB8IXNAh9slGv4eM9UaJPow=,2026-08-11 13:39:06,groupsales@turtledownunder.com.au,Auto Reply from Turtledownunder - Re: Re: AUSTRALIA GROUP DEPARTURE - DEC&amp;amp;amp;amp;amp;#039;26,Colombo,Western Province,Sri Lanka,Pavithra Chandramali,"101, Vinayalankara Mw., Colombo 10, Sri Lanka",Text signature,Region,,AAQkADQ1MDBkZGY0LTJmYTYtNDc2Yy1hMWU5LWVmOTdiYTI5MDhlYQAQAHheumFTonpApk8gPpRDZkY=
AAQkADQ1MDBkZGY0LTJmYTYtNDc2Yy1hMWU5LWVmOTdiYTI5MDhlYQAQAB684ly3MLhCt1cmTaoYayU=,2026-08-11 13:38:13,Pavithra@delmegetravels.com,Re: Re: AUSTRALIA GROUP DEPARTURE - DEC&amp;amp;amp;amp;#039;26,Colombo,Western Province,Sri Lanka,Pavithra Chandramali,"101, Vinayalankara Mw., Colombo 10, Sri Lanka",Text signature,Region,,AAQkADQ1MDBkZGY0LTJmYTYtNDc2Yy1hMWU5LWVmOTdiYTI5MDhlYQAQAB684ly3MLhCt1cmTaoYayU=
AAQkADQ1MDBkZGY0LTJmYTYtNDc2Yy1hMWU5LWVmOTdiYTI5MDhlYQAQAEnhtdr_zoJCve3LXVayob0=,2026-08-11 13:00:05,groupsales@turtledownunder.com.au,Auto Reply from Turtledownunder - Re: 167 pax | Melbourne | Sep - Dec | Turtle Down Under,,,India,Shreya,,Multiple colleague offices (branch unresolved),Country,Colleague signatures show Gurugram and Mumbai. Shreya's branch cannot be selected reliably. See Office Candidates.,AAQkADQ1MDBkZGY0LTJmYTYtNDc2Yy1hMWU5LWVmOTdiYTI5MDhlYQAQAJrrGcx2qmtMliWhBcKLBk8=
AAQkADQ1MDBkZGY0LTJmYTYtNDc2Yy1hMWU5LWVmOTdiYTI5MDhlYQAQAAtTOgTKsPROq4pAlgLXIyc=,2026-08-11 12:47:28,groupsales@turtledownunder.com.au,Re: Re: 167 pax | Melbourne | Sep - Dec | Turtle Down Under,,,India,Shreya,,Multiple colleague offices (branch unresolved),Country,Colleague signatures show Gurugram and Mumbai. Shreya's branch cannot be selected reliably. See Office Candidates.,AAQkADQ1MDBkZGY0LTJmYTYtNDc2Yy1hMWU5LWVmOTdiYTI5MDhlYQAQAJrrGcx2qmtMliWhBcKLBk8=
AAQkADQ1MDBkZGY0LTJmYTYtNDc2Yy1hMWU5LWVmOTdiYTI5MDhlYQAQAOeN-ZN2EiRGt78zCBkVUFI=,2026-08-11 08:00:13,groupsales@turtledownunder.com.au,Re: Re: Re: Quote Required II Australia Holiday II Mr Khanna,,,,Manoj Gopale,,Not found,,No reliable address found in reviewed sources. Some CID image attachments are unavailable in the JSON; unresolved locations are not guessed.,
AAQkADQ1MDBkZGY0LTJmYTYtNDc2Yy1hMWU5LWVmOTdiYTI5MDhlYQAQAMYp1LSW5TpJtmLC10u37xQ=,2026-08-11 07:46:04,groupsales@turtledownunder.com.au,Re: Re: RE: Group Request,,,,Sandeep Panwar,,Not found,,No reliable address found in reviewed sources. Some CID image attachments are unavailable in the JSON; unresolved locations are not guessed.,
AAQkADQ1MDBkZGY0LTJmYTYtNDc2Yy1hMWU5LWVmOTdiYTI5MDhlYQAQAKNf5QXclYJFjIHpXGA8sLA=,2026-08-11 07:31:00,groupsales@turtledownunder.com.au,Re: Re: [TDU] / AN - All of New Zealand / 2026 TDU26373G,Mumbai,Maharashtra,India,AMIT RAUT,"Kohinoor Square, 31st Floor, N.C. Kelkar Marg, Shivaji Park, Mumbai 400 028",Text signature,"Region, Country",,AAQkADQ1MDBkZGY0LTJmYTYtNDc2Yy1hMWU5LWVmOTdiYTI5MDhlYQAQAKNf5QXclYJFjIHpXGA8sLA=
AAQkADQ1MDBkZGY0LTJmYTYtNDc2Yy1hMWU5LWVmOTdiYTI5MDhlYQAQAF57TY_jx29MlRJVS_hoKkM=,2026-08-11 07:11:40,groupsales@turtledownunder.com.au,Re: Re: Re: Fwd: Re: Re: Car for 03 August For 6 Hrs || Mr Daniel Dsouza. TDU36589,Mumbai,Maharashtra,India,Ruta Kher,"18th Floor, Unit 1806, Wing C, G Block, ONE BKC, Bandra Kurla Complex, Bandra East, Mumbai, Maharashtra 400051",Colleague company office (branch unconfirmed),Country,Company office from a colleague's signature in another conversation; Ruta's branch is unconfirmed.,AAQkADQ1MDBkZGY0LTJmYTYtNDc2Yy1hMWU5LWVmOTdiYTI5MDhlYQAQAGZ3sqStwmlLjQkj9Oe0aO4=
AAQkADQ1MDBkZGY0LTJmYTYtNDc2Yy1hMWU5LWVmOTdiYTI5MDhlYQAQAFwgevyI_RJCgMAhPKFIxbI=,2026-08-11 07:05:27,groupsales@turtledownunder.com.au,Re: RE: RE: Follow-up from Turtle Down Under - TDU27400G AU | TDU27416G NZ,Bangalore,Karnataka,India,,"NO 83 2ND CROSS KV LAYOUT, LAXMIPRIYA RESIDENCY, 16TH MAIN ROAD, JAYANAGAR 4TH BLOCK, BANGALORE 560011",Text signature,"Region, Country",,AAQkADQ1MDBkZGY0LTJmYTYtNDc2Yy1hMWU5LWVmOTdiYTI5MDhlYQAQAFwgevyI_RJCgMAhPKFIxbI=
AAQkADQ1MDBkZGY0LTJmYTYtNDc2Yy1hMWU5LWVmOTdiYTI5MDhlYQAQAMLAloLEo-ZKqnEqfD6MEKQ=,2026-08-11 07:03:29,groupsales@turtledownunder.com.au,Re: sushma x 10 pax aus + newzeland,Kathmandu,Bagmati Province,Nepal,Rinu Bajracharya,"Gairidhara , Kathmandu , Nepal",Text signature,Region,,AAQkADQ1MDBkZGY0LTJmYTYtNDc2Yy1hMWU5LWVmOTdiYTI5MDhlYQAQAMLAloLEo-ZKqnEqfD6MEKQ=
AAQkADQ1MDBkZGY0LTJmYTYtNDc2Yy1hMWU5LWVmOTdiYTI5MDhlYQAQAMKd9IUw3JJNoW2XH206KxU=,2026-08-11 06:26:38,groupsales@turtledownunder.com.au,Re: Re: Re: New Zealand Hotel + Land Package Enquiry (16 Pax / 8 Rooms) TDU27466G,Ahmedabad,Gujarat,India,AKHIL SHAH,"C-168,CP Nagar Part-2, Near Arjun Tower, Ghatlodia, Ahmedabad, Gujarat, India - 380061",Text signature,,,AAQkADQ1MDBkZGY0LTJmYTYtNDc2Yy1hMWU5LWVmOTdiYTI5MDhlYQAQAMKd9IUw3JJNoW2XH206KxU=
AAQkADQ1MDBkZGY0LTJmYTYtNDc2Yy1hMWU5LWVmOTdiYTI5MDhlYQAQAASP8BZALrJCjpLob3a6Ehw=,2026-08-11 06:19:57,groupsales@turtledownunder.com.au,Re: Re: Re: Saialni//NZ &amp;amp; Aus//Group TDU27447G NZ | TDU27448G AU,Kolkata,West Bengal,India,,"AD-62, Ground Floor, Saltlake, Sector I, Kolkata 700064",Government business listing (exact email match),,NIDHI+ lists SAILANI TOURS N TRAVELS LIMITED with the exact mailbox admin@kkca.net at this address. Listing accessed through search index; direct page timed out.,https://nidhi.tourism.gov.in/home/directory?categoryCode=02&pageno=48&stateCode=
AAQkADQ1MDBkZGY0LTJmYTYtNDc2Yy1hMWU5LWVmOTdiYTI5MDhlYQAQAGLpkSWSKUNPltRl0hCH0MI=,2026-08-11 06:07:33,groupsales@turtledownunder.com.au,Re: Re: Re: Re: SRI21JANPP557 TDU27439G,Colombo,Western Province,Sri Lanka,Prashant Paliwal,"Level 09-03, East Tower, World Trade Centre, Colombo 01",Signature image (visually read),"Region, Country","Image is included in this sender's own signature, but prints the alternate mailbox marketing.cmb@satgurutravel.com.",signature_images/vendors.cmb_satgurutravel.com0.png
AAQkADQ1MDBkZGY0LTJmYTYtNDc2Yy1hMWU5LWVmOTdiYTI5MDhlYQAQANxsZJzGf7dOirBdbRSEMuc=,2026-08-11 05:35:51,groupsales@turtledownunder.com.au,Re: LIVTM NEW ZEALAND JULY // TURTLEDOWNUNDER TDU27330G,Gurugram,Haryana,India,Tapas Majumder,"19th Floor, Tower C, Epitome Building No 5, DLF Cyber City, Phase II, Gurugram 122002, India",Quoted signature,Region,,AAQkADQ1MDBkZGY0LTJmYTYtNDc2Yy1hMWU5LWVmOTdiYTI5MDhlYQAQANxsZJzGf7dOirBdbRSEMuc=
AAQkADQ1MDBkZGY0LTJmYTYtNDc2Yy1hMWU5LWVmOTdiYTI5MDhlYQAQAPxthf3QB5xMhThAIm9Nlf0=,2026-08-11 04:16:04,groupsales@turtledownunder.com.au,Auto Reply from Turtledownunder - Re: Re: Re: Re: Re: Re: Fw: Australia 26 Pax // Sep 2026,Bhubaneswar,Odisha,India,Santosh K. Panda,"Plot No 577/1331, Royal Village Road 2, Sundarpada, Ebaranga, Bhubaneswar - 751002",Text signature,"Region, Country",,AAQkADQ1MDBkZGY0LTJmYTYtNDc2Yy1hMWU5LWVmOTdiYTI5MDhlYQAQAFqGQgKhzHJNog77LWk21UI=
AAQkADQ1MDBkZGY0LTJmYTYtNDc2Yy1hMWU5LWVmOTdiYTI5MDhlYQAQADc0RISDPKRJnJ2XG4M-eZw=,2026-08-11 03:45:03,groupsales@turtledownunder.com.au,Fwd: Re: NEW ZEALAND URGENT CAR AND BATTERY TDU27125G BMW,Gurugram,Haryana,India,Tapas Majumder,"19th Floor, Tower C, Epitome Building No 5, DLF Cyber City, Phase II, Gurugram 122002, India",Quoted signature,Region,,AAQkADQ1MDBkZGY0LTJmYTYtNDc2Yy1hMWU5LWVmOTdiYTI5MDhlYQAQANxsZJzGf7dOirBdbRSEMuc=
AAQkADQ1MDBkZGY0LTJmYTYtNDc2Yy1hMWU5LWVmOTdiYTI5MDhlYQAQAAf-By2Y-p1Pguqaw31rvXs=,2026-08-11 03:43:42,groupsales@turtledownunder.com.au,Re: RE: REVISED DATES : RE: NEW ZEALAND - 14th to 20th AUG -  GROUP OF 20 PX TDU27223G,Gurgaon,Haryana,India,Shweta Sharma,"802, 8th Floor, JMD Regent Square, M.G. Road, Gurgaon 122002, Haryana, India",Text signature,,,AAQkADQ1MDBkZGY0LTJmYTYtNDc2Yy1hMWU5LWVmOTdiYTI5MDhlYQAQAAf-By2Y-p1Pguqaw31rvXs=
AAQkADQ1MDBkZGY0LTJmYTYtNDc2Yy1hMWU5LWVmOTdiYTI5MDhlYQAQAFdUuxPCRSxImdwvAB8cKaI=,2026-08-11 02:00:04,groupsales@turtledownunder.com.au,Sales Call Report,,,,,,Not found,,No external contact identified in available content; internal/forward-only record.,
AAQkADQ1MDBkZGY0LTJmYTYtNDc2Yy1hMWU5LWVmOTdiYTI5MDhlYQAQAOZZQ1szJeFKtwWixAqq6oU=,2026-08-11 02:00:03,groupsales@turtledownunder.com.au,Sales Call Report,,,,,,Not found,,No external contact identified in available content; internal/forward-only record.,
AAQkADQ1MDBkZGY0LTJmYTYtNDc2Yy1hMWU5LWVmOTdiYTI5MDhlYQAQAP1-U4Zv2FZAtNyPK2xmicM=,2026-08-11 01:00:10,groupsales@turtledownunder.com.au,Follow-up from Turtle Down Under - TDU27456G,,,,Sandeep Panwar,,Not found,,No reliable address found in reviewed sources. Some CID image attachments are unavailable in the JSON; unresolved locations are not guessed.,
AAQkADQ1MDBkZGY0LTJmYTYtNDc2Yy1hMWU5LWVmOTdiYTI5MDhlYQAQABoAQtiuvStEizkJ_ofsWPM=,2026-08-11 01:00:09,groupsales@turtledownunder.com.au,Follow-up from Turtle Down Under - TDU27391G,,,,,,Not found,,No reliable address found in reviewed sources. Some CID image attachments are unavailable in the JSON; unresolved locations are not guessed.,
AAQkADQ1MDBkZGY0LTJmYTYtNDc2Yy1hMWU5LWVmOTdiYTI5MDhlYQAQALzEo67tpllAm_oGAofGJKM=,2026-08-11 00:36:04,groupsales@turtledownunder.com.au,Auto Reply from Turtledownunder - Re: Re: Re: Re: Re: Re: Re: Re: Re: Re: Re: TS Australia Group Sep &amp;amp;amp;amp;amp;amp;amp;amp;amp;amp;amp;amp; Nov 2026,Ghaziabad,Uttar Pradesh,India,Nishant Chaudhry,"616, 6th Floor, Signature Global Mall Vaishali, Sector 3F, Ghaziabad, Uttar Pradesh, India",Signature image (visually read),,,signature_images/nishant_travelseasons.in0.png
AAQkADQ1MDBkZGY0LTJmYTYtNDc2Yy1hMWU5LWVmOTdiYTI5MDhlYQAQAGFkN43A79NPjkkXyP8FUKk=,2026-08-11 00:35:22,nishant@travelseasons.in,Re: Re: Re: Re: Re: Re: Re: Re: Re: Re: Re: TS Australia Group Sep &amp;amp;amp;amp;amp;amp;amp;amp;amp;amp;amp; Nov 2026,Ghaziabad,Uttar Pradesh,India,Nishant Chaudhry,"616, 6th Floor, Signature Global Mall Vaishali, Sector 3F, Ghaziabad, Uttar Pradesh, India",Signature image (visually read),,,signature_images/nishant_travelseasons.in0.png
AAQkADQ1MDBkZGY0LTJmYTYtNDc2Yy1hMWU5LWVmOTdiYTI5MDhlYQAQAHXwCUaR7tVEgrtAtMxh-qw=,2026-08-10 23:29:04,groupsales@turtledownunder.com.au,Auto Reply from Turtledownunder - RE: RE: RE: RE: Australia for 48 Pax,,,,Sukhmeet,,Not found,,No reliable address found in reviewed sources. Some CID image attachments are unavailable in the JSON; unresolved locations are not guessed.,
AAQkADQ1MDBkZGY0LTJmYTYtNDc2Yy1hMWU5LWVmOTdiYTI5MDhlYQAQAEnfoBxHuadEkBV_U0LqcZw=,2026-08-10 23:28:37,SukhmeetNanda@ith.co.in,RE: RE: RE: RE: Australia for 48 Pax,,,,Sukhmeet,,Not found,,No reliable address found in reviewed sources. Some CID image attachments are unavailable in the JSON; unresolved locations are not guessed.,
AAQkADQ1MDBkZGY0LTJmYTYtNDc2Yy1hMWU5LWVmOTdiYTI5MDhlYQAQAFkThg4cUtVDnkwZaT8j3Bg=,2026-08-10 23:13:45,sales@turtledownunder.com.au,Re: GROUP QUERY-MARCH 2027,Kolkata,West Bengal,India,Rhea Kapoor,"24, Shyamananda Road, Kolkata 700025, Opposite Beltala Girls High School, Near Lansdowne Market, West Bengal, India",Quoted signature,,External contact recovered from forwarded signature.,AAQkADQ1MDBkZGY0LTJmYTYtNDc2Yy1hMWU5LWVmOTdiYTI5MDhlYQAQAFkThg4cUtVDnkwZaT8j3Bg=
AAQkADQ1MDBkZGY0LTJmYTYtNDc2Yy1hMWU5LWVmOTdiYTI5MDhlYQAQALTEg_SHctNAvxfHyYzNPnY=,2026-08-10 22:56:04,groupsales@turtledownunder.com.au,Auto Reply from Turtledownunder - Re: Re: Re: Re: Re: Australia Group - 25th Oct,Kolkata,West Bengal,India,Anwesha Nandy,"Head Office: 304, Rajdanga Sarat Park, Kasba, Near Acropolis Mall, Kolkata 700107",Signature image (visually read),"Region, Country",,signature_images/anwesha.ops_spmtours.in0.png
AAQkADQ1MDBkZGY0LTJmYTYtNDc2Yy1hMWU5LWVmOTdiYTI5MDhlYQAQAKUDJvl3z5lAmhEmD79N1g0=,2026-08-10 22:43:49,karthiks@turtledownunder.com.au,Re: Re: RE: RE: RE: Re: RE: Australia Group Query !!,Mumbai,Maharashtra,India,Mansi Rawal,"1/A, Palm View, Lakhamshi Napoo Road, near Swaminarayan Temple, opposite Vidyalankar Classes, Dadar East, Mumbai 400014",Official company office (branch unconfirmed),"Region, Country",Official business office; Mansi's individual work location is not stated in the email signature.,https://uldestination.com/contact/
AAQkADQ1MDBkZGY0LTJmYTYtNDc2Yy1hMWU5LWVmOTdiYTI5MDhlYQAQAFZc2l6ZT3NDmtEWTWFfSTw=,2026-08-10 22:34:05,groupsales@turtledownunder.com.au,Auto Reply from Turtledownunder - Re: Re: Re: Re: Re: Re: Re: Re: Re: Re: Re: TS Australia Group Sep &amp;amp;amp;amp;amp;amp;amp;amp;amp;amp;amp;amp; Nov 2026,Ghaziabad,Uttar Pradesh,India,Tarunveer,"616, 6th Floor, Signature Global Mall Vaishali, Sector 3F, Ghaziabad, Uttar Pradesh, India",Signature image (visually read),,"Image is included in this sender's own signature, but prints the alternate mailbox Sales13@travelseasons.in.",signature_images/sales21_travelseasons.in0.png
